Title,Authors,Abstract,Published Year,Published Month,Journal,Volume,Issue,Pages,Accession Number,DOI,Ref,Covidence #,Study,Notes,Tags
Similar dynamic tibiofemoral movements during jump-landing and walking but distinct hamstrings strength across ACL reconstruction autograft types at mid-term follow-up.,Vendrig T; Keizer MNJ; Brouwer RW; Houdijk H; Hoogeslag RAG,"PURPOSE: Dynamic tibiofemoral movements following anterior cruciate ligament reconstruction (ACLR) with quadriceps tendon (QT) autografts have not yet been compared to other autografts. We aimed to compare dynamic anterior tibial translation (ATTd) and internal tibial rotation (ITRd) during jump-landing and walking among patients with QT, bone-patellar tendon-bone (BPTB) and hamstrings tendon (HT) autografts at mid-term follow-up. The secondary aim was to compare lower extremity strength among autografts. METHODS: Patients were included from a previous randomized controlled trial (randomly received primary ACLR with a QT, BPTB or HT autograft), and were prospectively assessed for additional analyses. Primary outcome measures were side-to-side differences in ATTd and ITRd during the side hop, single-leg hop for distance, triple hop for distance, double-leg drop-jump and walking, measured using 3D optoelectronic motion capture, and statistically analyzed using statistical parametric mapping. Moreover, isometric hamstrings and quadriceps strength limb symmetry index (LSI) were assessed using a dynamometer. RESULTS: Thirty patients were included at 4.7 ± 1.8 years (range: 1.4-7.2) post-ACLR (n = 10 per autograft; age: 31.0 ± 4.8 years). No significant between-group differences were observed for side-to-side difference in ATTd and ITRd during all dynamic tasks (p > 0.05). QT and BPTB autograft groups demonstrated greater isometric hamstrings strength LSI (QT = 98.4% vs. BPTB = 99.3% vs. HT = 79.0%; p = 0.02) and greater hamstrings/quadriceps strength ratio LSI (QT = 102.0% vs. BPTB = 104.6% vs. HT = 79.6%; p = 0.01) compared to the HT autograft, but quadriceps strength was similar among autografts. CONCLUSIONS: Patients who underwent ACLR with QT autografts demonstrated similar side-to-side differences in ATTd and ITRd compared to patients with BPTB and HT autografts 5 years post-ACLR, without demonstrating graft-harvest-related strength deficits, whereas patients with HT autografts showed persistent hamstrings weakness. Graft selection should consider persistent hamstrings strength deficits in patients with HT autografts, while ATTd and ITRd are not autograft-dependent. These findings support QT autografts as a viable option for ACLR. LEVEL OF EVIDENCE: Level II.",2026,Jan,Knee Surg Sports Traumatol Arthrosc,,,,,10.1002/ksa.70275,41562143,#26,Vendrig 2026,Exclusion reason: Did not report on one of the specified outcomes; ,Possible RCT
"Regional Anesthesia Utilizing Liposomal Bupivacaine, With or Without Dexamethasone, Provides Excellent Pain Control and Minimizes Opioid Consumption Following Anterior Cruciate Ligament Reconstruction.",Johns WL; Voskeridjian A; Miltenberg B; Muchintala R; Dodson CC; Cohen SB; Salvo J; Sherman M; Ciccotti MG; Hammoud S,"BACKGROUND: Perioperative nerve blocks are commonly used for regional analgesia with anterior cruciate ligament (ACL) reconstruction (ACLR). Liposomal bupivacaine (LB) is a long-acting anesthetic agent providing up to 72 hours of nerve blockade. It is theorized that the addition of dexamethasone to LB (LB+dex) may prolong the analgesic duration. PURPOSE: To characterize pain control and opioid consumption with adductor canal block (ACB), interspace between the popliteal artery and capsule of the posterior knee (iPACK), and suprasartorial infiltration (SSI) regional anesthetic techniques utilizing LB after ACLR and to compare LB versus LB+dex. STUDY DESIGN: Randomized controlled trial; Level of evidence, 1. METHODS: Patients undergoing primary ACLR using bone-patellar tendon-bone or quadriceps tendon autograft were included. All patients received an ACB, iPACK, and SSI preoperatively. Patients were randomized to receive either LB or LB+dex for their anesthetic agent. Opioid consumption, visual analog scale (VAS) scores, pain control satisfaction, and duration of block effect were recorded postoperatively. RESULTS: A total of 131 patients were included in the analysis. The mean opioid consumption for all patients was 1.20 ± 2.42 five-mg oxycodone tablets (8.97 ± 18.12 morphine milliequivalents [MME]). We did not observe a significant difference in oxycodone consumption between cohorts during the study period (1.42 ± 2.92 vs 0.97 ± 1.91; 10.65 ± 21.90 MME vs 7.28 ± 14.33 MME; P = .76). An estimated 95.2% of opioids prescribed went unused and 77.1% (101/131) of patients consumed no opioids. There was no significant difference in VAS score, patient satisfaction, or duration of block effect between cohorts. CONCLUSION: A single shot of LB with or without dexamethasone via ACB, SSI, and iPACK block provided excellent pain control and minimized opioid consumption after autograft ACLR. Nearly 80% of patients did not require opioids postoperatively, making opioid-free ACLR a realistic possibility for many patients. When narcotics were required, the dose of opioids was minimal; patients required 1.2 tablets of oxycodone on average, and >95% of the opioids prescribed went unused. Despite previous reports suggesting a prolonged duration of anesthetic effect when LB is combined with dexamethasone, we found no difference in opioid consumption, VAS score, patient satisfaction, or duration of block effect when patients received dexamethasone with their regional block. The utilization of regional anesthetic techniques such as ACB, SSI, and iPACK blocks in conjunction with LB-based anesthetics could allow providers to curtail or potentially eliminate opioid prescriptions after ACL surgery. REGISTRATION: NCT06006624 (ClinicalTrials.gov identifier).",2026,Jan,Orthop J Sports Med,14,1,23259671251401596,ClinicalTrials.gov/NCT06006624,10.1177/23259671251401596,41522461,#28,Johns 2026,Exclusion reason: Did not report on one of the specified outcomes; ,Possible RCT
Semitendinosus vs quadriceps tendon autograft in anterior cruciate ligament reconstruction (SEQUAR): protocol for a prospective randomized controlled trial.,Castellanos Dolk D; Sarakatsianos V; Wörner T; Östin M; Cristiani R; Kvist J; Stålman A,"BACKGROUND: Anterior cruciate ligament (ACL) rupture is a devastating injury for most individuals, especially in athletes with the desire to go back to pivoting sports. In ACL reconstruction (ACL-R), multiple autograft options are available, each with distinct advantages and limitations. The quadriceps tendon (QT) autograft has gained increasing attention due to its favorable biomechanical properties and lower donor site morbidity, yet studies comparing only athletic populations remains limited. This study protocol describes a randomized controlled trial (RCT) aiming to compare QT autograft with bone-block (QT-B) with semitendinosus tendon (ST) autograft in athletes undergoing primary ACL-R. METHODS: This is a single center RCT. Two Hundred ACL-R patients aged 16-40 years with a Tegner Activity Scale (TAS) of ≥ 7 prior to the ACL injury will be randomized to receive either a ST graft or a QT-B graft at the time of ACL-R. All participants will receive standard postoperative care and rehabilitation, followed by comprehensive follow-up. The primary outcome was the side-to-side (STS) difference in anterior tibial translation (ATT) at 6 months. Secondary outcomes include patient-reported outcome measures (PROMs), isokinetic strength testing, imaging-based graft evaluation, surgical and clinical events, and 10-year radiographic evidence of joint degeneration. Detailed definitions and timepoints are provided in the full manuscript (Table 1). DISCUSSION: This protocol is the first RCT comparing the ST autograft to the QT-B autograft exclusively in athletes with TAS ≥ 7 undergoing ACL-R. In addition, this trial has the ambition of including 200 patients, thereby making it the largest trial to compare these two grafts to date. The successful completion of the trial has the potential to change current practice and contribute to the existing knowledge regarding graft choice in athletes undergoing ACL-R. TRIAL REGISTRATION: The trial is registered at ClinicalTrials.gov: NCT04295148. Registered date: 4 Mar 2020 (retrospectively registered).",2025,Oct,BMC Musculoskelet Disord,26,1,951,ClinicalTrials.gov/NCT04295148,10.1186/s12891-025-09183-w,41083992,#34,CastellanosDolk 2025,Exclusion reason: Wrong study design; ,Possible RCT
[Autologous hamstring versus quadriceps graft in anterior cruciate ligament plasty. Comparative study with focus on Return-To-Sport].,García-Linage R; Lassard-Rosenthal J; Noval-García R; Muñiz-Madrazo A; Fraind-Maya G; Palmero-Picazo J; German-Córdoba I; Zimbrón-López D,"INTRODUCTION: anterior cruciate ligament rupture has evolved to be one of the most common sports injuries with a remarkable increase in its incidence in the last two decades, with Return-To-Sport being a crucial approach in the choice of autologous graft for its surgical repair, the most commonly used being hamstring and quadriceps tendon graft. MATERIAL AND METHODS: a prospective randomized study was performed with 32 patients divided into two groups, one for each type of graft, with 13 patients in each. They were evaluated before surgery, at 30, 180 and 360 days after the procedure using scales such as Lysholm, mCKRS and ACL-RSI, and their previous activity level was considered using the Tegner score. RESULTS: it was observed that, at 30 and 180 days after surgery, there were significant differences in pain assessment using the VAS scale between the groups, while at 360 days no significant differences were observed. No significant differences were found in Lysholm and mCKRS scale scores in either group at days 30, 180, and 360, but significant differences were found in ACL-RSI scale scores at 30 and 180 days between the two groups, which did not hold at 360 days. CONCLUSION: despite the difference in postoperative pain, Return-To-Sport times and overall recovery showed no significant differences between the two types of grafts in this study.",2025,Jan-Feb,Acta Ortop Mex,39,1,19-26,,,39855903,#61,García-Linage 2025,Exclusion reason: Full-text written in a language other than English.; ,Possible RCT
Postoperative Pain Control After ACL Reconstruction With Semitendinosus Tendon Graft: A Randomized Controlled Trial Comparing Adductor Canal Block to Local Infiltration Analgesia.,Sumanont S; Jaruwanneechai K; Wittayapairoj A; Apiwatanakul P; Boonrod A,"BACKGROUND: Both adductor canal block (ACB) and local infiltration (LI) are effective for postoperative pain management after arthroscopic-assisted anterior cruciate ligament (ACL) reconstruction (ACLR). While LI is a more straightforward procedure, its effectiveness remains debated. PURPOSE: To evaluate morphine consumption within 48 hours after ACLR with a semitendinosus tendon graft, comparing ACB and LI; secondary objectives: to evaluate pain levels, patient satisfaction, quadriceps strength, range of knee motion, and complications. STUDY DESIGN: Randomized controlled trial; Level of evidence, 1. METHODS: Patients undergoing primary ACLR with a semitendinosus tendon graft were randomized to receive either ACB (0.25% bupivacaine; 20 mL) or LI at the surgical wound, graft harvest area, and intra-articular injection. The LI group received morphine (3 mg), ketorolac (30 mg), and tranexamic acid (1 g). Morphine consumption within 48 hours was monitored using an intravenous patient-controlled analgesia device. RESULTS: A total of 48 patients were analyzed (n = 24 in each group); baseline characteristics were similar between groups. The LI group consumed significantly less morphine than the ACB group at 6 hours (median [interquartile range, IQR], 3 mg [0-4.8 mg] for the LI group vs 5.5 mg [2-9] for the ACB group; P = .003). However, no significant differences were observed in morphine consumption at other time points. Additionally, no significant difference was found in cumulative morphine consumption at 48 hours between the groups (median [IQR], 21.5 mg [11-34.5 mg] for the ACB group vs 16.5 mg [8.5-21.8 mg] for the LI group; P = .137). Postoperative pain scores, quadriceps strength, and patient satisfaction were similar between the 2 groups. CONCLUSION: Morphine consumption at 48 hours postoperatively was comparable between the LI and ACB groups, and no significant group differences were found in postoperative pain, quadriceps strength, or patient satisfaction. REGISTRATION: TCTR20190320003 (Thai Clinical Trial Registry).",2024,Nov,Orthop J Sports Med,12,11,23259671241292604,,10.1177/23259671241292604,39555324,#66,Sumanont 2024,Exclusion reason: Did not report on one of the specified outcomes; ,Possible RCT
External validation of the Norwegian anterior cruciate ligament reconstruction revision prediction model using patients from the STABILITY 1 Trial.,Martin RK; Marmura H; Wastvedt S; Pareek A; Persson A; Moatshe G; Bryant D; Wolfson J; Engebretsen L; Getgood A,"PURPOSE: A machine learning-based anterior cruciate ligament (ACL) revision prediction model has been developed using Norwegian Knee Ligament Register (NKLR) data, but lacks external validation outside Scandinavia. This study aimed to assess the external validity of the NKLR model (https://swastvedt.shinyapps.io/calculator_rev/) using the STABILITY 1 randomized clinical trial (RCT) data set. The hypothesis was that model performance would be similar. METHODS: The NKLR Cox Lasso model was selected for external validation owing to its superior performance in the original study. STABILITY 1 patients with all five predictors required by the Cox Lasso model were included. The STABILITY 1 RCT was a prospective study which randomized patients to receive either a hamstring tendon autograft (HT) alone or HT plus a lateral extra-articular tenodesis (LET). Since all patients in the STABILITY 1 trial received HT ± LET, three configurations were tested: 1: all patients coded as HT, 2: HT + LET group coded as bone-patellar tendon-bone (BPTB) autograft, 3: HT + LET group coded as unknown/other graft choice. Model performance was assessed via concordance and calibration. RESULTS: In total, 591/618 (95.6%) STABILITY 1 patients were eligible for inclusion, with 39 undergoing revisions within 2 years (6.6%). Model performance was best when patients receiving HT + LET were coded as BPTB. Concordance was similar to the original NKLR prediction model for 1- and 2-year revision prediction (STABILITY: 0.71; NKLR: 0.68-0.69). Concordance 95% confidence interval (CI) ranged from 0.63 to 0.79. The model was well calibrated for 1-year prediction while the 2-year prediction demonstrated evidence of miscalibration. CONCLUSION: When patients in STABILITY 1 who received HT + LET were coded as BPTB in the NKLR prediction model, concordance was similar to the index study. However, due to a wide 95% CI, the true performance of the prediction model with this Canadian and European cohort is unclear and a larger data set is required to definitively determine the external validity. Further, better calibration for 1-year predictions aligns with general prediction modelling challenges over longer periods. While not a large enough sample size to elicit the true accuracy and external validity of the prediction model when applied to North American patients, this analysis provides more support for the notion that HT plus LET performs similarly to BPTB reconstruction. In addition, despite the wide confidence interval, this study suggests optimism regarding the accuracy of the model when applied outside of Scandinavia. LEVEL OF EVIDENCE: Level 3, cohort study.",2024,Feb,Knee Surg Sports Traumatol Arthrosc,32,2,206-213,,10.1002/ksa.12031,38226736,#86,Martin 2024,Exclusion reason: Did not report on one of the specified outcomes; ,Possible RCT
Effects of exercise prehabilitation before anterior cruciate ligament reconstruction on functional outcomes during pre- and postoperative rehabilitation - protocol for a single-blinded randomised controlled trial.,Abel R; Niederer D; Offerhaus C; Shafizadeh S; Glowa A; Froböse I; Wilke C,"BACKGROUND: Although a benefit of preoperative training prior to anterior cruciate ligament (ACL) reconstruction is likely, there is no consensus on the optimal content (criteria-based programme), supervision (one-on-one guidance or self-administered training) and general setting of preoperative training after ACL injuries. The purpose of this trial is to investigate the efficacy of an individually adaptive, guided, structured and criteria-based preoperative rehabilitation programme in comparison to a non-guided and self-administered home training programme. METHODS: The planned single-blinded randomised controlled trial study was approved by the ethics committee of the German Sport University on June 14, 2022 (ethics application no. 093/2022) and prospectively registered (DRKS-ID: DRKS00030312; date of registration: 26.09.2022). N = 114 participants between 16 and 60 years of age with a unilateral ACL rupture and scheduled ACL reconstruction with a hamstring or quadriceps tendon autograft will be randomly (block-randomisation, 1:1 allocation) and blinded assigned to one of two groups: intervention group (structured, criteria-based, guided prehabilitation training) and comparator group (non-guided, self-administered home training). After surgical reconstruction, patients of both groups participate in the same standard, functional measurement-guided, postoperative rehabilitation programme. Stepwise increasing the functional requirements of the assessments, all participants participate in testing at the day of anamnesis (t1), 1-7 days before surgical reconstruction (t2), day of surgical reconstruction (t3) and 30 (t4), 60 (t5), 90 (t6) and 180 (t7) days post-reconstruction. The primary outcome is the overall self-reported knee condition, assessed by the sum score of all sub-scales of the Knee injury and Osteoarthritis Outcome Score (KOOS). Secondary outcomes include functional outcomes (range of motion, knee flexors and extensors and plantar flexors strength/torque, functional postural control, jumping ability), workability and return to sport (RTS) (psychological readiness, RTS success). DISCUSSION: The planned study targets to fill a gap in the evidence regarding effective designs of prehabilitation training before surgical ACL reconstruction. Potential difficulties that could affect the conduct of the study are lack of treatment adherence of the patients and high dropout. TRIAL REGISTRATION: German Register of Clinical Trials DRKS-ID: DRKS00030312 . Registered on 26 September 2022.",2023,Nov,Trials,24,1,752,,10.1186/s13063-023-07776-1,38001510,#90,Abel 2023,Exclusion reason: Wrong study design; ,Possible RCT
Anatomic single vs. double-bundle ACL reconstruction: a randomized clinical trial-Part 1: clinical outcomes.,Irrgang JJ; Tashman S; Patterson CG; Musahl V; West R; Oostdyk A; Galvin B; Poploski K; Fu FH,"PURPOSE: Compare clinical outcomes of anatomic single-bundle (SB) to anatomic double-bundle (DB) anterior cruciate ligament reconstruction (ACLR). It was hypothesized that anatomic DB ACLR would result in better International Knee Documentation Committee Subjective Knee Form (IKDC-SKF) scores and reduced anterior and rotatory laxity compared to SB ACLR. METHODS: Active individuals between 14 and 50 years of age that presented within 12 months of injury were eligible to participate. Individuals with prior injury or surgery of either knee, greater than a grade 1 concomitant knee ligament injury, or ACL insertion sites less than 14 mm or greater than 18 mm were excluded. Subjects were randomized to undergo SB or DB ACLR with a 10 mm-wide quadriceps tendon autograft harvested with a patellar bone block and were followed for 24 months. The primary outcome measures included the IKDC-SKF and KT-1000 (side to side difference) and pivot shift tests. Other secondary outcomes included measures of sports activity and participation, range of motion (ROM) and re-injury. RESULTS: Enrollment in the study was suspended due to patellar fractures related to harvest of the patellar bone plug. At that time, 57 subjects had been randomized (29 DB) and two-year follow-up was attained from 51 (89.5%). At 24-month follow-up there were no between-group differences detected for the primary outcomes. Twenty-one (77.8%) DB's and 20 (83.3%) SB's reported returning to pre-injury sports 2 years after surgery (n.s) Three subjects (2 DB's, 5.3% of total) sustained a graft rupture and 5 individuals (4 SB's, 8.8% of total) had a subsequent meniscus injury. CONCLUSIONS: Due to the early termination of the study, there were no detectable differences in clinical outcome between anatomic SB and DB ACLR when performed with a quadriceps tendon autograft with a bone block in individuals with ACL insertion sites that range from 14 to 18 mm. LEVEL OF EVIDENCE: Level 2.",2021,Aug,Knee Surg Sports Traumatol Arthrosc,29,8,2665-2675,,10.1007/s00167-021-06585-w,33970295,#157,Irrgang 2021,Exclusion reason: Did not compare at least two of the specified graft types; ,Possible RCT
Comparison of knee sonography and pressure pain threshold after anterior cruciate ligament reconstruction with quadriceps tendon versus hamstring tendon autografts in soccer players.,Martin-Alguacil JL; Arroyo-Morales M; Martin-Gómez JL; Lozano-Lozano M; Galiano-Castillo N; Cantarero-Villanueva I,"OBJECTIVE: The aim of this study was to compare the pressure pain threshold and muscle architecture after an anatomic single bundle reconstruction with quadriceps tendon and hamstring tendon autografts of the anterior cruciate ligament in competitive soccer players. We hypothesized that both procedures will obtain similar outcomes. METHODS: Fifty-one participants were enrolled in this secondary analysis of a randomized controlled trial and were categorised into two groups: quadriceps tendon (QT) group (23 men and 3 women; mean age 18.7 ± 3.6; BMI 23.0 ± 2.2) or hamstring tendon (HT) group (16 men and 9 women; mean age 19.2 ± 3.6 BMI 23.5 ± 3.5). Both groups followed the same rehabilitation staged protocol. Pressure pain threshold (PPT), as a measure of perceived pain, was obtained in several points of quadriceps and hamstring muscles. Ultrasound imaging measurements were obtained in quadriceps tendon and knee cartilage thickness. Four measurements were taken in this study: baseline, 1, 3, 6, and 12 months after the anterior cruciate ligament (ACL) reconstruction. RESULTS: The analysis of PPT did not find significant differences in both groups × interaction time in the points evaluated: epicondyle (QT = 421.1 ± 184.1 vs HT = 384.7 ± 154.1 kPa), vastus lateralis (QT = 576.2 ± 221.3 vs HT = 560.1 ± 167.7 kPa), vastus medialis (QT = 544.7 ± 198.8 vs HT = 541.1.1 ± 181.77 kPa), patellar tendon (QT = 626.3 ± 221.1 vs HT = 665.0 ± 205.5 kPa), QT (QT = 651.1 ± 276.9 vs HT = 660.0 ± 195.2 kPa). (QT = 667.8 ± 284.7 vs HT = 648.2 ± 193.4 kPa) injured knee (all P > 0.05). The results of ultrasound imaging did not show significant differences in both groups × interaction time in the thickness of the QT (QT = 9.9 ± 2.4 vs HT = 9.4 ± 1.7 kPa) and patellar cartilage (QT = 3.2 ± 0.6 vs HT = 3.2 ± 0.4 kPa) (P > 0.05). CONCLUSION: A QT autograft produces similar results to a HT autograft in ACL reconstructions in terms of pressure pain threshold and ultrasound muscle architecture during the 1-year follow-up. LEVEL OF EVIDENCE: Level I, Therapeutic Study.",2019,Jul,Acta Orthop Traumatol Turc,53,4,260-265,,10.1016/j.aott.2019.04.012,31201076,#221,Martin-Alguacil 2019,Exclusion reason: Did not report on one of the specified outcomes; ,Possible RCT
Contrast-Enhanced MRI Evaluation of Bone-Patellar Tendon-Bone and Hamstring ACL Autograft Healing in Humans: A Prospective Randomized Study.,Covey DC; Sandoval KE; Riffenburgh RH,"BACKGROUND: Gadopentetate dimeglumine-enhanced magnetic resonance imaging (MRI), or gadolinium-enhanced MRI, was used to prospectively study the postoperative course of bone-patellar tendon-bone (BPTB) and combined semitendinosus and gracilis (STG) tendon autografts following arthroscopically assisted reconstruction of the anterior cruciate ligament (ACL) in humans. Gadopentetate dimeglumine is a contrast agent that has been shown to enhance the signal of vascularized tissue when examined by MRI. PURPOSE: To prospectively determine and compare the pattern and timing of autograft revascularization following arthroscopically assisted ACL reconstruction by BPTB or STG autografts. STUDY DESIGN: Randomized controlled trial; Level of evidence, 1. METHODS: A total of 73 patients (63 males, 10 females) with ACL tears who were scheduled to undergo reconstruction consented to participate in this study. The patients were randomized to receive arthroscopically assisted reconstruction of the ACL employing either BPTB or STG autografts. Gadolinium-enhanced MRI scans were scheduled at 3-month intervals during the first postoperative year to assess the integrity, timing, and pattern of enhancement of the ACL graft. The temporal sequence and morphologic characteristics of imaged signals were compared for both types of ACL reconstructions. RESULTS: Based on all knees with 1 exception, there were no statistically significant differences in gadopentetate dimeglumine-mediated graft enhancement grade observed between BPTB and STG autografts. CONCLUSION: The results suggest that autograft revascularization probably varies in intensity and location during the time course of graft healing. The interval signal changes observed 3 to 9 months, but especially 6 to 9 months, postoperatively are due to increased contrast uptake as a reflection of ongoing neovascularization during the process of ligamentization.",2018,Oct,Orthop J Sports Med,6,10,2325967118800298,,10.1177/2325967118800298,30349838,#234,Covey 2018,Exclusion reason: Did not report on one of the specified outcomes; ,Possible RCT
Strength recovery after anterior cruciate ligament reconstruction with quadriceps tendon versus hamstring tendon autografts in soccer players: A randomized controlled trial.,Martin-Alguacil JL; Arroyo-Morales M; Martín-Gomez JL; Monje-Cabrera IM; Abellán-Guillén JF; Esparza-Ros F; Lozano ML; Cantarero-Villanueva I,"BACKGROUND: The comparison between HT and QT grafts in strength recovery and function after an ACLR is scarce in the literature. METHODS: A total of 56 participants were enrolled in this randomized controlled trial and placed into two groups: HT or QT. The hamstring/quadriceps (H/Q) ratio was the primary end-point measured with a Genu-3 dynamometer. Peak torque, functional assessment (Lysholm knee scoring scale and Cincinnati Knee Rating System), and anteroposterior laxity (KT-2000™ arthrometer) were also assessed. An intention-to-treat analysis was performed. RESULTS: The results of the H/Q ratio analysis of the participants over time revealed significant differences at 60, 180, and 300°/s at three, six, and 12months of follow-up (60°/s: F=5.3, p=0.005; 180°/s: F=5.5, p=0.004; 300°/s: F=5.1, p=0.005). Furthermore, they revealed significant differences at 60°/s, 180°/s, and 300°/s in the participants over time for peak torque in the extensor muscle strength at three and six months of follow-up, with higher values in the hamstring tendon group but not at 12months of follow-up. There were no significant differences in functional endpoints or arthrometer assessments at 24months of follow-up. CONCLUSION: An ACLR with a QT graft showed similar functional results with a better isokinetic H/Q ratio compared to an ACLR with the HT at 12months of follow-up in soccer players. This higher H/Q ratio observed with the QT could be an advantage of this graft over the HT for an ACLR.",2018,Aug,Knee,25,4,704-714,,10.1016/j.knee.2018.03.011,29776815,#246,Martin-Alguacil 2018,Exclusion reason: Duplicate report of the same study.; ,Possible RCT
Pain level after ACL reconstruction: A comparative study between free quadriceps tendon and hamstring tendons autografts.,Buescu CT; Onutu AH; Lucaciu DO; Todor A,"OBJECTIVE: The objective of this study was to compare the pain levels and analgesic consumption after single bundle ACL reconstruction with free quadriceps tendon autograft versus hamstring tendon autograft. PATIENTS AND METHODS: A total of 48 patients scheduled for anatomic single-bundle ACL reconstruction were randomized into two groups: the free quadriceps tendon autograft group (24 patients) and the hamstring tendons autograft group (24 patients). A basic multimodal analgesic postoperative program was used for all patients and rescue analgesia was provided with tramadol, at pain scores over 30 on the Visual Analog Scale. The time to the first rescue analgesic, the number of doses of tramadol and pain scores were recorded. The results within the same group were compared with the Wilcoxon signed test. RESULTS: Supplementary analgesic drug administration proved significantly higher in the group of subjects with hamstring grafts, with a median (interquartile range) of 1 (1.3) dose, compared to the group of subjects treated with a quadriceps graft, median = 0.5 (0.1.25) (p = 0.009). A significantly higher number of subjects with a quadriceps graft did not require any supplementary analgesic drug (50%) as compared with subjects with hamstring graft (13%; Z-statistics = 3.01, p = 0.002). The percentage of subjects who required a supplementary analgesic drug was 38% higher in the HT group compared with the FQT group. CONCLUSION: The use of the free quadriceps tendon autograft for ACL reconstruction leads to less pain and analgesic consumption in the immediate postoperative period compared with the use of hamstrings autograft. LEVEL OF EVIDENCE: Level I Therapeutic study.",2017,Mar,Acta Orthop Traumatol Turc,51,2,100-103,,10.1016/j.aott.2017.02.011,28242265,#276,Buescu 2017,Exclusion reason: Did not report on one of the specified outcomes; ,Possible RCT
Braking Reaction Time After Right-Knee Anterior Cruciate Ligament Reconstruction: A Comparison of 3 Grafts.,Wasserman BR; Singh BC; Kaplan DJ; Weinberg M; Meislin R; Jazrawi LM; Strauss EJ,"PURPOSE: To determine when patients recover the ability to safely operate the brakes of an automobile after a right-knee anterior cruciate ligament reconstruction (ACLR). METHODS: A computerized driving simulator was used to determine braking ability after an isolated right-knee ACLR. Thirty healthy volunteers were tested at 1 visit to determine normal mean values, and 27 treatment subjects were tested at 1 week, 3 weeks, and 6 weeks after ACLR. Nine study subjects were treated with a patella tendon (BPTB) autograft, 9 were treated with a hamstring (HS) autograft, and 9 were treated with a tibialis anterior (TA) allograft. The driving simulator collected data on brake reaction time (BRT), brake travel time (BTT), and total brake time (TBT) at each visit. RESULTS: The control group generated a BRT of 725 milliseconds, BTT of 2.87 seconds, and TBT of 3.59 seconds. At week 1, all treatment patients had significant differences compared with controls for BRT, BTT, and TBT, except the BTT of the HS group. At week 3, all measures for the allograft group and the BRT for both autograft groups were no longer significantly different compared with controls, but significant differences were found for TBT in the HS and BPTB groups (P = .03, P = .01). At week 6, BRT, BTT, and TBT were no longer significantly different for either the HS group or BPTB group. CONCLUSIONS: Patients who underwent a right-knee ACLR with a TA allograft regained normal braking times by week 3 postoperatively. In contrast, those treated with a BPTB or HS autograft demonstrated significantly delayed braking times at 3 weeks but returned to normal braking ability by week 6. Those treated with an autograft had an earlier return of normalized BRT than BTT. LEVEL OF EVIDENCE: Level III, case-control series.",2017,Jan,Arthroscopy,33,1,173-180,,10.1016/j.arthro.2016.05.043,27570169,#291,Wasserman 2017,Exclusion reason: Did not report on one of the specified outcomes; ,Possible RCT
Immediate post-operative pain in anterior cruciate ligament reconstruction surgery with bone patellar tendon bone graft versus hamstring graft.,Gupta R; Kapoor D; Kapoor L; Malhotra A; Masih GD; Kapoor A; Joshi S,"BACKGROUND: Pain in the immediate post-operative period after anterior cruciate ligament (ACL) surgery, apart from an unpleasant experience for the patient, can act as a barrier for static quadriceps contractions and optimum execution of the initial rehabilitation protocol resulting in slow recovery and a later return to full function for a sportsperson. There is no report in the literature comparing pain in the immediate post-operative period after using the two most widely used autografts, bone patellar tendon bone (BPTB) graft and hamstring graft. METHODS: The present study compared the visual analogue scale (VAS) pain score in the immediate post-operative period after arthroscopic ACL reconstruction with the BPTB and hamstring autografts. Both groups consisted of 50 patients each. The mean age of the BPTB and hamstring cohorts was 26.9 ± 7.3 years (age range 18-59 years) and 26.7 ± 9.0 years (age range 17-52 years), respectively. Unpaired t test was applied to compare pain scores between the BPTB and hamstring cohorts. RESULTS: In the present study, patients in the BPTB cohort showed higher mean pain scores across all the post-operative time intervals except at 6 h. However, the difference in the mean VAS pain score at post-operative 6, 12,18, 24, 36 and 48 h in the two groups was statistically not significant (p value of 1, 0.665, 0.798, 0.377, 0.651 and 0.215 at 6, 12, 18, 24, 36 and 48 h, respectively). CONCLUSIONS: Our study concludes that the arthroscopic ACL reconstruction with BPTB autograft and hamstring autograft is associated with similar pain in the immediate post-operative period. As a result, aggressive physiotherapy regime is not affected by the type of graft being used for ACL reconstruction, as the pain scores in the immediate post-operative period are similar for both techniques. TRIAL REGISTRATION: Clinical Trials Registry-India, CTRI/2016/01/006502.",2016,Jun,J Orthop Surg Res,11,1,67,,10.1186/s13018-016-0399-5,27277002,#302,Gupta 2016,Exclusion reason: Did not report on one of the specified outcomes; ,Possible RCT
Complications and Adverse Events of a Randomized Clinical Trial Comparing 3 Graft Types for ACL Reconstruction.,Mohtadi N; Barber R; Chan D; Paolucci EO,"OBJECTIVE: Complications/adverse events of anterior cruciate ligament (ACL) surgery are underreported, despite pooled level 1 data in systematic reviews. All adverse events/complications occurring within a 2-year postoperative period after primary ACL reconstruction, as part of a large randomized clinical trial (RCT), were identified and described. DESIGN: Prospective, double-blind randomized clinical trial. Patients and the independent trained examiner were blinded to treatment allocation. SETTING: University-based orthopedic referral practice. PATIENTS: Three hundred thirty patients (14-50 years; 183 males) with isolated ACL deficiency were intraoperatively randomized to ACL reconstruction with 1 autograft type. Graft harvest and arthroscopic portal incisions were identical. INTERVENTION: Patients were equally distributed to patellar tendon (PT), quadruple-stranded hamstring tendon (HT), and double-bundle (DB) hamstring autograft ACL reconstruction. MAIN OUTCOME MEASURES: Adverse events/complications were patient reported, documented, and diagnoses confirmed. RESULTS: Two major complications occurred: pulmonary embolism and septic arthritis. Twenty-four patients (7.3%) required repeat surgery, including 25 separate operations: PT = 7 (6.4%), HT = 9 (8.2%), and DB = 8 (7.3%). Repeat surgery was performed for meniscal tears (3.6%; n = 12), intra-articular scarring (2.7%; n = 9), chondral pathology (0.6%; n = 2), and wound dehiscence (0.3%; n = 1). Other complications included wound problems, sensory nerve damage, muscle tendon injury, tibial periostitis, and suspected meniscal tears and chondral lesions. Overall, more complications occurred in the HT/DB groups (PT = 24; HT = 31; DB = 45), but more PT patients complained of moderate or severe kneeling pain (PT = 17; HT = 9; DB = 4) at 2 years. CONCLUSIONS: Overall, ACL reconstructive surgery is safe. Major complications were uncommon. Secondary surgery was necessary 7.3% of the time for complications/adverse events (excluding graft reinjury or revisions) within the first 2 years. LEVEL OF EVIDENCE: Level 1 (therapeutic studies). CLINICAL RELEVANCE: This article reports on the complications/adverse events that were prospectively identified up to 2 years postoperatively, in a defined patient population participating in a large double-blind randomized clinical trial comparing PT, single-bundle hamstring, and DB hamstring reconstructions for ACL rupture.",2016,May,Clin J Sport Med,26,3,182-9,,10.1097/JSM.0000000000000202,25881568,#331,Mohtadi 2016,Exclusion reason: Duplicate report of the same study.; ,Possible RCT
Hip flexion strength remains decreased in anterior cruciate ligament reconstructed patients at one-year follow up compared to healthy controls.,Mouzopoulos G; Siebold R; Tzurbakis M,"PURPOSE: The aim of this study was to evaluate hip muscle flexion strength in patients who underwent anterior cruciate ligament (ACL) reconstruction with patellar or hamstrings tendon graft and compare them with healthy controls. METHODS: Sixty-eight male ACL deficient patients who underwent reconstruction (36 patients with hamstrings tendon graft and 32 patients with patellar tendon graft; randomized selection of type of graft) in our department, between July 2011 and July 2012, were enrolled in this randomised prospective study. Also 64 healthy male weekend athletes participated in the study as a control group. Hip flexor strength was measured by isokinetic dynamometer (Biodex), pre-operatively and one year after reconstruction. The statistical packet STATA 8.0 was used and statistical significance was set at p < 0.05. RESULTS: Hip flexion strength in ACL reconstructed patients either with patellar tendon or hamstrings grafts, one year after reconstruction is significantly decreased compared to healthy controls (p < 0.0001). Patients reconstructed with patellar tendon have stronger hip flexors than those reconstructed with hamstrings graft (p < 0.0001). CONCLUSION: Hip flexion strength remains decreased one year after ACL surgery compared to healthy controls. Patellar tendon could be the graft of choice for ACL reconstruction in athletes who must preserve stronger hip flexors.",2015,Jul,Int Orthop,39,7,1427-32,,10.1007/s00264-014-2662-x,25645436,#336,Mouzopoulos 2015,Exclusion reason: Did not report on one of the specified outcomes; ,Possible RCT
Comparison of functional outcome measures after ACL reconstruction in competitive soccer players: a randomized trial.,Mohammadi F; Salavati M; Akhbari B; Mazaheri M; Mohsen Mir S; Etemadi Y,"BACKGROUND: The choice of graft for anterior cruciate ligament (ACL) reconstruction remains controversial. Although many outcome studies comparing bone-patellar tendon-bone and semitendinosus and gracilis tendon grafts have been performed, most have not included tests of functional outcomes that challenge the graft. The objective of the current study was to compare the functional performances of soccer players after ACL reconstruction that was performed with either a bone-patellar tendon-bone or a semitendinosus and gracilis tendon graft. METHODS: Forty-two soccer players with unilateral ACL injury were prospectively randomized to a bone-patellar tendon-bone group (BPTB group; twenty-one subjects) or a semitendinosus and gracilis tendon group (STG group; twenty-one subjects) and followed a rehabilitation protocol. At the time of return to sports, the patients were asked to execute strength, hop, and jump tests and the results were compared between the groups. Twenty-one healthy athletes were recruited as the control group to evaluate their performance of the same tests. RESULTS: The limbs with the ACL reconstruction in the STG group had greater values for quadriceps torque as well as on the triple-hop, crossover-hop, and jump-landing test (p < 0.01), but the STG and BPTB groups showed similar results in terms of hamstrings peak torque and the results of two other hop tests (p > 0.05). Moreover, the subjects with ACL reconstruction had significantly lower values with regard to quadriceps and hamstrings peak torques and the results of the hop and jump tests compared with the healthy athletes (p < 0.01). CONCLUSIONS: At the time of return to sports, the STG group had better performance in terms of quadriceps strength and the results of the triple-hop, crossover-hop, and jump-landing tests compared with the BPTB group. Compared with controls, soccer players who had undergone ACL reconstruction had less quadriceps and hamstrings strength and inferior hop performance and jump-landing strategy.",2013,Jul,J Bone Joint Surg Am,95,14,1271-7,,10.2106/JBJS.L.00724,23864175,#374,Mohammadi 2013,Exclusion reason: Did not report on one of the specified outcomes; ,Possible RCT
Quality of life and clinical outcome comparison of semitendinosus and gracilis tendon versus patellar tendon autografts for anterior cruciate ligament reconstruction: an 11-year follow-up of a randomized controlled trial.,Sajovic M; Strahovnik A; Dernovsek MZ; Skaza K,"BACKGROUND: There are still controversies about graft selection for primary anterior cruciate ligament reconstruction. Prospective, randomized long-term studies are needed to determine the differences between the graft materials. HYPOTHESIS: Eleven years after anterior cruciate ligament reconstruction there is no difference in functional outcome and quality of life between patients with patellar tendon or hamstring tendon autografts; however, the patients with patellar tendon autograft would have a higher prevalence of osteoarthritis. STUDY DESIGN: Randomized controlled trial; Level of evidence, 2. METHODS: From June 1999 to March 2000, 64 patients were included in this prospective study. A single surgeon performed primary arthroscopically assisted anterior cruciate ligament reconstruction in an alternating sequence. In 32 patients, anterior cruciate ligament reconstruction was performed with hamstring tendon autograft (semitendinosus and gracilis [STG] group) while in the other 32 patients the reconstruction was performed with patellar tendon autograft (PT group). RESULTS: At the 11-year follow-up, no statistically significant differences were seen with respect to the Lysholm score and Short Form-36, KT-1000 arthrometer laxity testing, anterior knee pain, single-legged hop test, or International Knee Documentation Committee (IKDC) classification results. Positive pivot-shift test (1+) was significantly more frequent in the PT group (P = .036). Twenty-two patients (81%) in the STG group and 18 patients (72%) in the PT group were still at their preinjury level of activity. Graft rupture occurred in 2 patients from the STG group (6%) and in 4 patients from the PT (12%). Grade B and C abnormal radiographic findings were seen in 84% (21 of 25) of patients in the PT group and in 63% (17 of 27) of patients in the STG group (P = .008). CONCLUSION: Both hamstring and patellar tendon autografts provided good subjective outcomes and objective stability at 11 years. Positive pivot-shift test (1+) was significantly more frequent in the PT group. No significant differences in the rate of graft failure were identified. Patients with patellar tendon graft had a greater prevalence of osteoarthritis at 11 years after surgery.",2011,Oct,Am J Sports Med,39,10,2161-9,,10.1177/0363546511411702,21712483,#428,Sajovic 2011,Exclusion reason: Duplicate report of the same study.; ,Possible RCT
[Anatomic anterior cruciate ligament reconstruction with hamstrings using press-fit fixation without hardware: operative technique and long-term results of a prospective and randomized study].,Pässler HH,"An innovative technique for anterior cruciate ligament (ACL) reconstruction has been developed in 1998 which allows the grafts to be fixed by press-fit to the femoral and tibial tunnel without any hardware. The semitendinosus (ST) and gracilis tendons (GT) are built into a sling by tying a knot with the tendon ends and securing the knot after conditioning by sutures. For the femoral tunnel the anteromedial porta is used. The correct anatomic position of the single femoral tunnel is checked using intraoperative lateral fluoroscopy by placing the tip of a K-wire to a point between the anteromedial and posterolateral bundle insertion sites. A femoral bottleneck tunnel is drilled to receive the knot of the tendons. The tendon loops filled the tibial tunnel without any suture material. The loops are fixed at the tibial tunnel outlet with tapes over a bone bridge. Between 1998 and 1999 a prospective randomized study (level 1) was conducted comparing this technique with a technique using bone-patellar-tendon graft and press-fit fixation without hardware. In conclusion it was found that implant-free press-fit ACL reconstruction using bone-patella-tendon (BPT) and hamstring tendon (HT) grafts proved to be an excellent procedure to restore stability and function of the knee. Using hamstring tendons (ST and GT) significantly lower donor site morbidity was noted. Kneeling and knee walking pain persisted to be significantly more intense in the BPT up to 9 years after the operation. Re-rupture rates, subjective findings, knee stability and isokinetic testing showed similar results for both grafts. This is the first level I study which demonstrates cartilage protection by ACL reconstruction as long as the meniscus is intact at index surgery, shown by bilateral MRI analysis 9 years post-operation. There was no significant difference in the average grade of chondral and meniscus lesions between BPT and HT and in comparison of the operated to the intact knee, except for grade 3-4 lesions found at the 9 year follow-up, which were significantly higher in the BPT group.",2010,Jul,Unfallchirurg,113,7,555-60,,10.1007/s00113-010-1791-y,20607509,#446,Pässler 2010,Exclusion reason: Full-text written in a language other than English.; ,Possible RCT
Quality of life and clinical outcome after anterior cruciate ligament reconstruction using patellar tendon graft or quadrupled semitendinosus graft: an 8-year follow-up of a randomized controlled trial.,Barenius B; Nordlander M; Ponzer S; Tidermark J; Eriksson K,"BACKGROUND: Randomized controlled trials after anterior cruciate ligament reconstructions with long-term follow-up including assessment of health-related quality of life are rare. PURPOSE: To compare clinical outcome and health-related quality of life 8 years after anterior cruciate ligament reconstruction using 2 types of graft. STUDY DESIGN: Randomized controlled trial; Level of evidence, 1. METHODS: Long-term follow-up of 164 patients with anterior cruciate ligament injury randomized to arthroscopic reconstruction with a quadrupled semitendinosus graft or a bone-patellar tendon-bone graft was undertaken. After a mean 8 years, 153 patients were available for follow-up, including instrumented laxity, 1-legged hop test, a knee-walking test, and assessment with International Knee Documentation Committee, Lysholm, Tegner, and patellofemoral pain score. Health-related quality of life was assessed with Knee Osteoarthritis Outcome Score and Short Form-36. RESULTS: Patients in both graft groups retained the same stability, knee function, and health-related quality of life. The patellofemoral pain score was similar for both groups; the bone-patellar tendon-bone group had more donor site morbidity from kneeling and knee walking. In the bone-patellar tendon-bone group, 19 patients had no kneeling problems, 23 slight problems, 31 moderate problems, and 5 unable to kneel. Corresponding figures for the semitendinosus group were 25, 32, 16, and 2 (P < .001). Patients with early reconstructions (<5 months) had a lower risk for meniscal injuries (37%) than did later reconstructed (62%, P = .008). Health-related quality of life regarding physical functioning in Short Form-36 was better for the early-reconstructed patients than for the later reconstructed (92 vs 85; P = .014). Patients without medial meniscal surgery had higher Knee Osteoarthritis Outcome Scores for all subscales than did patients with medial meniscal surgery, with most significant difference for sport and recreation (63 vs 75, P = .008). CONCLUSION: In the long term, the semitendinosus graft provided similar stability, knee function, and health-related quality of life but with less kneeling morbidity than did the bone-patellar tendon-bone graft.",2010,Aug,Am J Sports Med,38,8,1533-41,,10.1177/0363546510369549,20566719,#449,Barenius 2010,Exclusion reason: Duplicate report of the same study.; ,Possible RCT
Arthroscopic anterior cruciate ligament surgery: results of autogenous patellar tendon graft versus the Leeds-Keio synthetic graft five year follow-up of a prospective randomised controlled trial.,Ghalayini SR; Helm AT; Bonshahi AY; Lavender A; Johnson DS; Smith RB,"We conducted a prospective, randomised controlled trial comparing anterior cruciate ligament reconstruction using middle third patellar tendon graft (PT) to synthetic Leeds-Keio (LK) ligament. The patients were randomised (26 PT, 24 LK). Subjective knee function was classified (Lysholm, Tegner activity, IKDC scores), laxity was measured (Lachman test, Stryker laxometer), and functional ability was assessed (one-hop test). There were no significant differences between Lysholm or IKDC scores at any stage by 5 years. Significant differences were found between the groups at 2 years for Tegner activity scores, laxity and one-hop testing. By 5 years there were no significant differences. Clinical equivalence was demonstrated between the two groups for the Lysholm score and one-hop test but not for the Tegner activity score at 5 years. The use of the LK ligament has been largely abandoned due to reports of its insufficiency. Our results demonstrate that it is not as inferior as one might expect. We conclude that the results of LK ligament ACL reconstruction are as acceptable as those using PT. It may provide an additional means of reconstruction where no suitable alternative is present.",2010,Oct,Knee,17,5,334-9,,10.1016/j.knee.2009.09.008,19861236,#464,Ghalayini 2010,Exclusion reason: Did not compare at least two of the specified graft types; ,Possible RCT
The effect of graft choice on functional outcome in anterior cruciate ligament reconstruction.,Sajovic M; Strahovnik A; Komadina R; Dernovsek MZ,"A prospective, randomised, 5-year follow-up study was designed to compare the functional results between patellar tendon and hamstring tendon autografts after anterior cruciate ligament reconstruction. Primary reconstruction was performed in 32 patients using the central third of the patellar ligament and in 32 patients using double-looped semitendinosus and gracilis tendons. All reconstructions were performed by a single surgeon, with identical surgical technique and rehabilitation protocol. Of the total 64 patients in the study, 54 (85%) were available for the 5-year follow-up. No statistically significant differences were seen with respect to Lysholm score, International Knee Documentation Committee (IKDC) classification, clinical and KT-2000 arthrometer laxity testing, single-legged hop test and anterior knee pain. Graft rupture occurred in two patients (8%) in the patellar tendon group and in two patients (7%) in the hamstring tendon group; 23 patients (88%) in the patellar tendon group and 23 patients (82%) in the hamstring tendon group returned to their pre-injury activity level. Good subjective outcome and stability can be obtained by using either graft; no statistically significant differences were found in functional outcome between the grafts.",2008,Aug,Int Orthop,32,4,473-8,,10.1007/s00264-007-0341-x,17431619,#527,Sajovic 2008,Exclusion reason: Duplicate report of the same study.; ,Possible RCT
"A prospective, randomized comparison of semitendinosus and gracilis tendon versus patellar tendon autografts for anterior cruciate ligament reconstruction: five-year follow-up.",Sajovic M; Vengust V; Komadina R; Tavcar R; Skaza K,"BACKGROUND: There are still controversies about graft selection for primary anterior cruciate ligament reconstruction. Prospective randomized long-term studies are needed to determine the differences between the materials. HYPOTHESIS: Five years after anterior cruciate ligament reconstruction, there is a difference between hamstring and patellar tendon grafts in development of degenerative knee joint disease. STUDY DESIGN: Randomized controlled trial; Level of evidence, 1. METHODS: From June 1999 to March 2000, 64 patients were included in this prospective study. A single surgeon performed primary arthroscopically assisted anterior cruciate ligament reconstruction in an alternating sequence. In 32 patients, anterior cruciate ligament reconstruction was performed with hamstring tendon autograft, whereas in the other 32 patients, anterior cruciate ligament reconstruction was performed with patellar tendon autograft. RESULTS: At the 5-year follow-up, no statistically significant differences were seen with respect to the Lysholm score, clinical and KT-2000 arthrometer laxity testing, anterior knee pain, single-legged hop test, or International Knee Documentation Committee classification results; 23 patients (82%) in the hamstring tendon group and 23 patients (88%) in the patellar tendon group returned to their preinjury activity levels. Graft rupture occurred in 2 patients from the hamstring tendon group (7%) and in 2 patients from the patellar tendon group (8%). Grade B abnormal radiographic findings were seen in 50% (13/26) of patients in the patellar tendon group and in 17% (5/28) of patients in the hamstring tendon group (P = .012). CONCLUSION: Both hamstring and patellar tendon grafts provided good subjective outcomes and objective stability at 5 years. No significant differences in the rate of graft failure were identified. Patients with patellar tendon grafts had a greater prevalence of osteoarthritis at 5 years after surgery.",2006,Dec,Am J Sports Med,34,12,1933-40,,10.1177/0363546506290726,16923826,#542,Sajovic 2006,Exclusion reason: Duplicate report of the same study.; ,Possible RCT
Prospective and randomized evaluation of ACL reconstruction with three techniques: a clinical and radiographic evaluation at 5 years follow-up.,Zaffagnini S; Marcacci M; Lo Presti M; Giordano G; Iacono F; Neri MP,"A variety of graft sources have been used for ACL reconstruction to improve functions and kinematics in ACL deficient knees. The two most commonly used autogenous grafts are the central third of the patellar tendon and the hamstring tendon constructs. The choice of different grafts and different construct influence the final clinical outcome of ACL reconstruction. The 3 groups, of 25 patients each, were generated by choosing the technique (PT tendon, 4 strand hamstring, and single hamstring plus extraarticular plasty) to utilize and followed for 5 years, with an alternate systematic sampling. Our comparison has shown significant kneeling pain in the patellar tendon with respect to the groups with hamstrings techniques. Single hamstring plus extraarticular plasty achieved subjective score significantly higher with respect to the other two groups as well as for the time to resume sport. The study confirms that patellar tendon and hamstring can be equivalent options for ACL reconstruction. This study demonstrated that a superior outcome as far as subjective clinical findings were concerned, was obtained in group III. Patients in the latter group were also able to return to sports sooner than those in the bone-patellar tendon graft group and the four-strand hamstring group.",2006,Nov,Knee Surg Sports Traumatol Arthrosc,14,11,1060-9,,10.1007/s00167-006-0130-x,16909301,#544,Zaffagnini 2006,Exclusion reason: Duplicate report of the same study.; ,Possible RCT
"Intra-articular drain versus no drain after arthroscopic anterior cruciate ligament reconstruction: a randomized, prospective clinical trial.",McCormack RG; Greenhow RJ; Fogagnolo F; Shrier I,"PURPOSE: A significant proportion of surgeons use intra-articular drains after arthroscopic anterior cruciate ligament (ACL) reconstruction. The usual reason given to justify the use of a drain is to minimize patient pain and stiffness of the knee joint. The purpose of this study was to assess the validity of this approach. METHODS: In this study 118 consecutive ACL reconstruction patients were randomized to no drain or a postoperative intra-articular suction drain. Inclusion criteria included a successful ACL reconstruction via either 4-strand hamstrings or bone-patellar tendon-bone autograft as a graft source. The primary outcomes were defined as pain (assessed by pain scores and analgesic counts) and range of motion (ROM) (assessed by loss of flexion and extension compared with the nonoperative leg). An independent statistical analysis was performed. RESULTS: The 2 groups were comparable with respect to patient demographics, surgical findings, and procedures performed. There were no differences between the treatment groups for the primary outcomes of pain and ROM during the 8-week follow-up period. The study had adequate power to detect a clinically significant difference. Regarding the secondary outcomes, there was a difference in the grade of hemarthrosis between the groups at week 1 but not at week 4 or 8. However, the difference in subjective grade of hemarthrosis at 1 week did not have any effect on the primary outcomes of pain and ROM. During the study period, there were no complications in either group. CONCLUSIONS: The routine use of intra-articular drains after arthroscopic ACL surgery was not supported by this study. LEVEL OF EVIDENCE: Level II, randomized controlled trial without narrow confidence intervals.",2006,Aug,Arthroscopy,22,8,889-93,,10.1016/j.arthro.2006.05.004,16904589,#545,McCormack 2006,Exclusion reason: Did not report on one of the specified outcomes; ,Possible RCT
Quantitative evaluation of anterior tibial translation during isokinetic motion in knees with anterior cruciate ligament reconstruction using either patellar or hamstring tendon grafts.,Sato N; Higuchi H; Terauchi M; Kimura M; Takagishi K,"We studied 79 patients with unilateral injury to the anterior cruciate ligament (ACL). The patients were randomly allocated to reconstruction with autologous patellar bone-tendon-bone (BTB) grafts (49 knees) or hamstring tendon (ST) grafts (30 knees). We measured anterior tibial translation (ATT) during isokinetic concentric contraction exercise 18-20 months after surgery using a computerized electrogoniometer. In both groups the highest ATT during exercise was observed at a knee flexion of about 20 degrees and was 13.5+/-3.0 mm in the BTB group and 13.9+/-3.4 mm in the ST group. There was no difference in the ATT between the reconstructed and healthy knees. For a range of knee flexion between 30 and 50 degrees the ATT in the ST group was significantly higher on the reconstructed side than on the healthy side. In the BTB group, the mean ATT in the reconstructed group was similar to that on the healthy side at a knee flexion angle between 0 and 90 degrees .",2005,Dec,Int Orthop,29,6,385-9,,10.1007/s00264-005-0011-9,16075231,#562,Sato 2005,Exclusion reason: Did not report on one of the specified outcomes; ,Possible RCT
Interference screw fixation of soft tissue grafts in anterior cruciate ligament reconstruction: part 2: effect of preconditioning on graft tension during and after screw insertion.,Nurmi JT; Kannus P; Sievänen H; Järvelä T; Järvinen M; Järvinen TL,"BACKGROUND: Preconditioning of tendon grafts is believed to eliminate natural viscoelasticity of the tendons and prevent knee laxity after anterior cruciate ligament (ACL) reconstruction. HYPOTHESIS: Preconditioned ACL grafts maintain their initially set tension. STUDY DESIGN: Randomized experimental study. METHODS: Forty-two human anterior tibialis (AT) tendon grafts were subjected to either no preconditioning (group 1), cyclic preconditioning (group 2), or isometric preconditioning (group 3). The residual graft tension was then recorded immediately after the application of an initial graft tension of 80 N and fixation into tibia with an interference screw, as well as 10 minutes later. In another experiment, the residual graft tension was recorded 1, 10, and 60 minutes after 10 AT and quadrupled hamstring tendon (HT) grafts alone (no fixation) had been subjected to isometric preconditioning (80 N). RESULTS: Immediately after screw insertion, the residual (AT) graft tensions were 79 +/- 19 N, 100 +/- 17 N, and 102 +/- 15 N in groups 1 through 3, respectively. Ten minutes later, the corresponding values were 49 +/- 16 N, 60 +/- 11 N, and 64 +/- 12 N. For the AT and HT grafts alone, the residual graft tensions were 67 +/- 2 N and 67 +/- 2 N, 45 +/- 2 N and 46 +/- 4 N, and 29 +/- 3 N and 34 +/- 5 N at 1, 10, and 60 minutes, respectively. CONCLUSIONS: A steady decrease (-60% within 60 minutes after initial tensioning) occurs in the initially set tension of the soft tissue ACL grafts. CLINICAL RELEVANCE: Clinically applicable preconditioning protocols cannot eliminate the intrinsic viscoelasticity from ACL soft tissue grafts, and thus, the reasonableness of preconditioning per se is questioned in ACL reconstruction.",2004,Mar,Am J Sports Med,32,2,418-24,,10.1177/0363546503261703,14977667,#583,Nurmi 2004,Exclusion reason: Did not report on one of the specified outcomes; ,Possible RCT
[Internal rotational strength of the thigh after ACL reconstruction. Prospective comparison of harvesting of the semitendinosus and gracilis tendons and the patella tendon].,Tibesku CO; Springer J; Mastrokalos DS; Pässler HH,"AIM: The aim of the present study was the prospective, randomized evaluation of the internal rotation strength in patients, undergoing ACL reconstruction using either semitendinosus and gracilis tendon autografts (ST/G) or the central third of the patella tendon (BPT). METHOD: 40 patients (20 male, 20 female, average age 32 years [16 - 49]) underwent reconstruction of the ACL. In 20 patients ST/G was used, in 20 matched patients the central third of the patella tendon (BPT) was used. Rehabilitation was identical for both groups. The isometric strength of internal tibial rotation in neutral position was measured preoperatively, 3, 6 and 12 months postoperatively. RESULTS: After 3 months no difference to the preoperative data was found. After six months the internal tibial torque was significantly higher (p < 0.05) than preoperatively. No additional increase was found after 12 months. There was no statistically significant difference between both groups at any time. CONCLUSION: The internal tibial torque, which is predominantly a function of the pes anserinus, recovers shortly after operation and is, due to postoperative rehabilitation, significantly elevated after 6 months. The randomized comparison with the harvesting of the central third of the patellar tendon showed no significant difference.",2003,Sep,Sportverletz Sportschaden,17,3,137-41,,10.1055/s-2003-42153,12975729,#591,Tibesku 2003,Exclusion reason: Full-text written in a language other than English.; ,Possible RCT
[Semitendinosus tendon vs. patellar ligament. Results of a prospective randomized study after anterior cruciate ligament reconstruction].,Röpke M; Becker R; Urbach D; Nebelung W,"The aim of our prospective randomised study was to evaluate the clinical results after arthroscopical reconstruction of the ACL using the midthird patellar ligament or semitendinosus tendon. METHODS: Forty patients were followed up two years postoperatively. Twenty of them received either a patellar ligament graft (BTB-group) or doubled semiteninosus tendon (SET-group). The clinical evaluation included the preoperative and two years postoperative assessment, based on the IKDC-Score, Tegener-Score and Mc-Carroll-Score. The a.p.-translation was evaluated using the KT-1000. RESULTS: Sixteen (80%) patients of the SET-group and 10 (50%) patients of the BTB-group showed good and excellent results in the over all assessment with the IKDC-Score. The mean side to side KT-1000 difference yielded 1.6 mm (-2-4 mm) in the BTB-group and 2.7 mm (0-7 mm) in the SET-group (p < 0.05). The retropatellar pain syndrome based on the Mc-Caroll-Score showed 17.4 points in the BTB-group in comparison to 19.5 points in the SET-group (p < 0.05). The level of activity using the Tegner-score showed preoperatively for both the SET- and BTB-group 6.9 points and postoperatively for the SET-group 6.7 points and for the BTB-group 5.6 points. CONCLUSIONS: Despite the inferior a.p.-stability for the patients who received doubled semitendinosus tendon grafts they presented clinically superior results compared to the BTB-group. Therefore this technique seems to be the alternative method. In order to improve the stability we recommend the usage of three or four stranded grafts and an improved fixation technique.",2001,Apr,Unfallchirurg,104,4,312-6,,10.1007/s001130050733,11357697,#629,Röpke 2001,Exclusion reason: Full-text written in a language other than English.; ,Possible RCT
A comparison of quadruple semitendinosus and patellar tendon grafts in reconstruction of the anterior cruciate ligament.,Eriksson K; Anderberg P; Hamberg P; Löfgren AC; Bredenberg M; Westman I; Wredmark T,"In a two-centre study, 164 patients with unilateral instability of the anterior cruciate ligament were prospectively randomised to arthroscopic reconstruction with either a patellar tendon graft using interference screw fixation or a quadruple semitendinosus graft using an endobutton fixation technique. The same postoperative rehabilitation protocol was used for all patients and follow-up at a median of 31 months (24 to 59) was carried out by independent observers. Four patients (2%) were lost to follow-up. No significant differences were found between the groups regarding the Stryker laxity test, one-leg hop test, Tegner activity level, Lysholm score, patellofemoral pain score, International Knee Documentation Committee (IKDC) score or visual analogue scale, reflecting patient satisfaction and knee function. Slightly decreased extension, compared with the non-operated side, was found in the patellar tendon group (p < 0.05). Patients with associated meniscal injuries had lower IKDC, visual analogue (p < 0.01) and Lysholm scores (p < 0.05) than those without such injuries. Patients in whom reconstruction had been carried out less than five months after the injury had better final IKDC scores than the more chronic cases (p < 0.05). We conclude that patellar tendon and quadruple semitendinous tendon grafts have similar outcomes in the medium term. Associated meniscal pathology significantly affects the final outcome and early reconstruction seems to be beneficial.",2001,Apr,J Bone Joint Surg Br,83,3,348-54,,10.1302/0301-620x.83b3.11685,11341418,#631,Eriksson 2001,Exclusion reason: Duplicate report of the same study.; ,Possible RCT
Biomechanical comparison of quadriceps tendon fixation with patellar tendon bone plug interference fixation in cruciate ligament reconstruction.,Brand J Jr; Hamilton D; Selby J; Pienkowski D; Caborn DN; Johnson DL,"PURPOSE: The purpose of this study was to use current fixation techniques and compare the stiffness and ultimate tensile failure of the tendinous end of the quadriceps tendon (QT) with the bone plug end of the bone-patellar tendon-bone (BPTB) graft using current techniques of fixation. TYPE OF STUDY: Randomized trial of elderly cadaver knees. MATERIALS AND METHODS: Tibial and femoral biodegradable interference fixation and femoral EndoButton (Smith & Nephew, Acufex, Mansfield, MA) fixation in bone tunnels with the QT and the BPTB graft were compared by using 10 pairs of elderly cadavers and biomechanical testing. Two groups, fixation at time zero (simulating fixation in the operating room) and testing after 1, 000 loading cycles (simulating patient rehabilitation exercises), were used. RESULTS: At time zero fixation, stiffness of the soft tissue QT tibial tunnel interference fixation was 59% less stiff than the stiffness of the interference fixation of a BPTB plug in a femoral tunnel (P =.11). The EndoButton femoral fixation resulted in a decrease in stiffness at time zero compared with femoral tunnel interference fixation of the soft tissue QT (P =.03). All groups improved stiffness with cycling the construct to 1,000 cycles. CONCLUSIONS: Placement of the QT tendinous end of the graft in the femoral bone tunnel when using a interference fixation will approximate the stiffness of a bone plug in the tibial bone tunnel with interference fixation. The EndoButton fixation is not as stiff as either of the femoral interference fixation options. The addition of more than 20 loading cycles could remove laxity from the graft fixation-graft cruciate ligament complex and improve its stiffness.",2000,Nov,Arthroscopy,16,8,805-12,,10.1053/jars.2000.18240,11078536,#639,BrandJJr 2000,Exclusion reason: Did not report on one of the specified outcomes; ,Possible RCT
"Bone tunnel enlargement after anterior cruciate ligament reconstruction with the hamstring autograft and endobutton fixation technique. A clinical, radiographic and magnetic resonance imaging study with 2 years follow-up.",Jansson KA; Harilainen A; Sandelin J; Karjalainen PT; Aronen HJ; Tallroth K,"The aim of this study was to describe the contrast-enhanced magnetic resonance imaging (MRI) appearance of bone tunnel enlargement detected on radiography after anterior cruciate ligament (ACL) reconstruction with semitendinosus and gracilis tendon endobutton (STG-endobutton) fixation technique. Fourteen patients with a STG-endobutton ACL reconstruction were examined 3 months (n = 1), 1 year (n = 1) and 2 years (n = 12) postoperatively. An age- and sex-matched group with a bone-patellar tendon-bone (BTB) autograft ACL reconstruction with similar follow-up was taken as control. Data on clinical examination, laxity and isokinetic muscle torque measurements, anteroposterior and lateral view radiography were obtained, and knee scores (Lysholm and Tegner) were collected. Contrast-enhanced MRI was performed in the STG-endobutton group with a 1.5-T imager. There were no statistical differences between the groups with respect to clinical findings, stability tests, or knee scores. In the STG-endobutton group the average femoral and tibial bone tunnel diameter detected on anteroposterior view radiography had increased at 2-year follow-up by 33% and 23%, respectively. On MRI the ligamentous graft itself was not enhanced by the contrast medium whereas periligamentous tissue within and around the STG graft bundles showed mild contrast enhancement. In conclusion, the MRI results suggest that enhancing periligamentous tissue accumulated in and around the STG graft associated with the tunnel expansion. In spite of the significant bone tunnel enlargement observed on the follow-up radiography the STG-endobutton knees were stable and the patients satisfied.",1999,,Knee Surg Sports Traumatol Arthrosc,7,5,290-5,,10.1007/s001670050166,10525698,#646,Jansson 1999,Exclusion reason: Duplicate report of the same study.; ,Not RCT
Isokinetic evaluation of anterior cruciate ligament reconstruction: hamstring versus patellar tendon.,Carter TR; Edinger S,"The purpose of the study was to compare the hamstring and quadriceps isokinetic results 6 months postoperatively in patients having patellar tendon or hamstring anterior cruciate ligament (ACL) reconstruction. The study group was comprised of 106 randomly selected patients who had ACL reconstruction with either autogenous patellar tendon (PT), semitendinosus (ST), or semitendinosus and gracilis (ST/G). Hamstring and quadriceps isokinetic strength were assessed at 180 degrees/sec and 300 degrees/sec with the results of the operatively treated leg expressed as a percent compared with the nonoperative leg. The mean results for knee extension at 180 degrees/sec were 68.3%, 74.3%, and 78.1%; and at 300 degrees/sec were 70.7%, 76.7%, and 81.7% for PT, ST, and ST/G, respectively. The mean results for knee flexion at 180 degrees/sec were 86.1%, 80.6%, and 81.7%; and at 300 degrees/sec were 77.6%, 79.1%, and 75.6% for PT, ST, and ST/G, respectively. No statistically significant differences were found in regard to knee extension or flexion strength when evaluating the different tissue sources. The results show that selection of autogenous hamstring or PT used for ACL reconstruction should not be based solely on the assumption of the tissue source altering the recovery of quadriceps and/or hamstring strength. In addition, a majority of the patients had not achieved adequate strength to safely partake in unlimited activities at 6 months postoperatively.",1999,Mar,Arthroscopy,15,2,169-72,,10.1053/ar.1999.v15.0150161,10210074,#650,Carter 1999,Exclusion reason: Did not report on one of the specified outcomes; ,Possible RCT
"Arthroscopic evaluation of anterior cruciate ligament reconstruction using a free patellar tendon autograft. A prospective, randomized study.",Kohn D,"In a prospective study, follow-up arthroscopy was performed (with the informed consent of the patient) after anterior cruciate ligament reconstruction using a free patellar tendon autograft. Nineteen of 21 consecutive patients agreed to arthroscopy. Time between operation and arthroscopy ranged from six to 25 months (average, 15 months) and was distributed at random among the patients. In evaluating knee stability and functional performance, the arthroscopic findings were disappointing. The Lysholm score improved from 68 +/- 8 points preoperatively to 84 +/- 8 points postoperatively. KT-1000 measurement on the day before follow-up arthroscopy showed only a slightly increased anterior laxity of 6.2 mm compared to 4.7 mm on the uninjured side. When the arthroscopic results were graded from 0 (ruptured) to 3 (excellent), four patients had a Grade 3 result, ten patients had a Grade 2 (moderate) result, and five patients had a Grade 1 (poor) result. No graft was ruptured. These findings indicate that, in the majority of patients, reconstruction of the anterior cruciate ligament using a free patellar tendon autograft will not result in an arthroscopically normal substitute for the anterior cruciate ligament.",1990,May,Clin Orthop Relat Res,,254,220-4,,,2323135,#699,Kohn 1990,Exclusion reason: Did not report on one of the specified outcomes; ,Possible RCT
